{
  "project_info": {
    "project_number": "250629238351",
    "project_id": "aplicacionensaladas",
    "storage_bucket": "aplicacionensaladas.appspot.com"
  },
  "client": [
    {
      "client_info": {
        "mobilesdk_app_id": "1:250629238351:android:649250e1c754338e3d443a",
        "android_client_info": {
          "package_name": "com.tesoem.admin"
        }
      },
      "oauth_client": [],
      "api_key": [
        {
          "current_key": "AIzaSyDT8YLUg_gOOMlOuXzK3M8ZsWDJmQe7t-I"
        }
      ],
      "services": {
        "appinvite_service": {
          "other_platform_oauth_client": []
        }
      }
    },
    {
      "client_info": {
        "mobilesdk_app_id": "1:250629238351:android:3794c051fb8d72a63d443a",
        "android_client_info": {
          "package_name": "com.tesoem.conexion"
        }
      },
      "oauth_client": [],
      "api_key": [
        {
          "current_key": "AIzaSyDT8YLUg_gOOMlOuXzK3M8ZsWDJmQe7t-I"
        }
      ],
      "services": {
        "appinvite_service": {
          "other_platform_oauth_client": []
        }
      }
    },
    {
      "client_info": {
        "mobilesdk_app_id": "1:250629238351:android:b1314c2b8a2f36573d443a",
        "android_client_info": {
          "package_name": "mx.edu.tesoem.app_mesero"
        }
      },
      "oauth_client": [],
      "api_key": [
        {
          "current_key": "AIzaSyDT8YLUg_gOOMlOuXzK3M8ZsWDJmQe7t-I"
        }
      ],
      "services": {
        "appinvite_service": {
          "other_platform_oauth_client": []
        }
      }
    },
    {
      "client_info": {
        "mobilesdk_app_id": "1:250629238351:android:edb8948df425e8513d443a",
        "android_client_info": {
          "package_name": "mx.edu.tesoem.cocinero"
        }
      },
      "oauth_client": [],
      "api_key": [
        {
          "current_key": "AIzaSyDT8YLUg_gOOMlOuXzK3M8ZsWDJmQe7t-I"
        }
      ],
      "services": {
        "appinvite_service": {
          "other_platform_oauth_client": []
        }
      }
    },
    {
      "client_info": {
        "mobilesdk_app_id": "1:250629238351:android:9bd56a97dc2fa4ed3d443a",
        "android_client_info": {
          "package_name": "mx.edu.tesoem.meseroaplicacion"
        }
      },
      "oauth_client": [],
      "api_key": [
        {
          "current_key": "AIzaSyDT8YLUg_gOOMlOuXzK3M8ZsWDJmQe7t-I"
        }
      ],
      "services": {
        "appinvite_service": {
          "other_platform_oauth_client": []
        }
      }
    }
  ],
  "configuration_version": "1"
}